stage,run,obs,dist,pull,rel
E,7200,mult_total,16.418117469980242,0.3590521057547589,0.0371586697051826
E,7200,1_minus_thrust,13.573860073561166,1.1668577688533348,0.3727827229665382
E,7200,B_total,15.803497019736344,1.5107159398147274,0.2956071512250017
E,7200,rho_heavy,11.371163704042958,0.7806507605061538,0.2501280801478646
E,7201,mult_total,11.660856790115261,2.587957919630386,0.2735457774923973
E,7201,1_minus_thrust,2.439886931293877,0.44141162963596,0.1427138754716835
E,7201,B_total,2.864119884809858,0.6789859105466408,0.1343410049263977
E,7201,rho_heavy,1.0303422609391417,0.1548406467324091,0.0506554860156076
E,7202,mult_total,10.215986679308463,0.7259161543630042,0.0755014640497279
E,7202,1_minus_thrust,2.1791379035794067,0.8314671006564699,0.2719253697490734
E,7202,B_total,2.1556007612112476,0.6569771821726156,0.1317312845781467
E,7202,rho_heavy,2.718522172614967,0.8691895849051968,0.2845724491812464
E,7203,mult_total,33.12358874120312,1.6538735028518678,0.1792301976862461
E,7203,1_minus_thrust,22.01106768134725,1.6764711190728463,0.5704104884019927
E,7203,B_total,25.43728625059361,1.9945929551674,0.4108991363872277
E,7203,rho_heavy,14.410575325987907,1.4766349589102137,0.5001215872869785
E,7204,mult_total,8.445289798982014,1.0024690110162844,0.1026877168269353
E,7204,1_minus_thrust,17.406064518993418,1.4332026207580535,0.4495874778919889
E,7204,B_total,20.31765829093312,1.048865077307247,0.202497333792327
E,7204,rho_heavy,12.263305393231498,1.1787781459947313,0.3739676559559407
E,7205,mult_total,8.959294062116571,0.7234363381261242,0.0783895761185034
E,7205,1_minus_thrust,17.183553522642857,2.043716699514441,0.6839511632674765
E,7205,B_total,20.20450024251719,2.298848274653952,0.4690349262387491
E,7205,rho_heavy,15.077635782103982,1.734079335677053,0.5852946708707483
E,7206,mult_total,12.40539599441408,1.3870015693827202,0.1447076736332099
E,7206,1_minus_thrust,4.40593000108216,1.3269652534054277,0.434089989596265
E,7206,B_total,4.618222220721567,1.4500515065838382,0.2892151686918973
E,7206,rho_heavy,4.3922880868314245,1.123092260982336,0.370517924679731
E,7207,mult_total,14.991180204231224,1.6181413306012795,0.1728009667040509
E,7207,1_minus_thrust,8.641488464811061,1.9387312561630743,0.6394666461427817
E,7207,B_total,9.861793605690224,2.294649215186628,0.4608604715903918
E,7207,rho_heavy,5.481562954972097,1.8084037386481344,0.5950821254838682
F,8200,mult_total,5.76416187293195,1.4645842405383098,0.1677047077477327
F,8200,1_minus_thrust,18.667314612215474,1.4625442489012843,0.4778618416350325
F,8200,B_total,18.081725303411268,1.4711569343121993,0.2928325122751634
F,8200,rho_heavy,14.51956447009796,1.3649614726621335,0.4504729921366455
F,8201,mult_total,20.466935932588584,2.012928039992497,0.2365699280044083
F,8201,1_minus_thrust,37.62551207509085,2.2286008044401675,0.7480738206197519
F,8201,B_total,40.59588554936725,2.8617154478855915,0.5839600508131441
F,8201,rho_heavy,29.083889183462915,2.267663970745233,0.7678068645678632
F,8202,mult_total,85.05142952194826,3.335780204798906,0.3853996666997918
F,8202,1_minus_thrust,45.424386557619314,2.3898867327121835,0.8288712227312115
F,8202,B_total,51.447409954488386,2.743091532588612,0.5783213014274683
F,8202,rho_heavy,35.62354501671634,2.1742113568290504,0.7595595979747777
F,8203,mult_total,6.247006861318196,2.708725608141931,0.2997366687485973
F,8203,1_minus_thrust,16.708570778818142,0.9372046431455862,0.2930817411768004
F,8203,B_total,22.33056833517567,1.372098520000616,0.2642415382621811
F,8203,rho_heavy,15.210273521810109,0.8712796374315166,0.2744085408837287
F,8204,mult_total,64.7468031461471,1.8749863973708112,0.2152263547007549
F,8204,1_minus_thrust,17.535681221348447,2.155797990497529,0.7085811220603193
F,8204,B_total,17.407037886091068,2.99817836634746,0.6047236362176236
F,8204,rho_heavy,10.67125687410925,1.5684788075919387,0.5155882015080903
F,8205,mult_total,30.387688330129393,9.635446426165036,1.080066790781285
F,8205,1_minus_thrust,31.308357227954414,0.9471010593511004,0.2892416940456526
F,8205,B_total,42.198766943672545,0.87295050432401,0.163038845040495
F,8205,rho_heavy,27.037651470020958,0.9810629677837706,0.3005622879583403
F,8206,mult_total,39.14435363948821,11.541210677861953,1.346855838211919
F,8206,1_minus_thrust,35.535801101698134,1.8640246553687687,0.6141887475508298
F,8206,B_total,37.435573955461585,2.278375645410997,0.4566056989094675
F,8206,rho_heavy,33.479348934031755,2.048687389194649,0.6887609292774866
F,8207,mult_total,12.53919639643077,2.1120237689697072,0.2511008124747124
F,8207,1_minus_thrust,27.786988412931724,1.7435259640792533,0.5771102649844868
F,8207,B_total,28.146478719140976,1.41458289731514,0.2842313261812906
F,8207,rho_heavy,21.363645081799685,1.4542740562693697,0.4848381147925767
MIX17,9930,mult_total,10.94959714504906,2.094240611200987,0.223205066600882
MIX17,9930,1_minus_thrust,3.080747307673324,0.7530460867504463,0.2447926355032557
MIX17,9930,B_total,5.3440678963421,0.8598669902179894,0.1712046312039603
MIX17,9930,rho_heavy,4.106047161890099,0.9521253510710782,0.3107000192174916
MIX17,9931,mult_total,14.773617704180257,3.080844610968456,0.3312338926289633
MIX17,9931,1_minus_thrust,4.120646304383202,0.5833956811172191,0.1884412489665911
MIX17,9931,B_total,6.187848836076217,0.9026929102896806,0.1787951880875617
MIX17,9931,rho_heavy,1.9480563608488042,0.9912804983813528,0.3230574696797816
MIX17,9932,mult_total,28.9198000438462,1.468369011057003,0.1596151209814514
MIX17,9932,1_minus_thrust,6.116745287885855,1.32484179639444,0.4359876078895124
MIX17,9932,B_total,6.027951830765834,2.0447533156011137,0.4120592931323988
MIX17,9932,rho_heavy,2.69433318554074,1.54757629528868,0.5095692762442149
MIX17,9933,mult_total,29.04429517237683,1.1810566750140583,0.1305350717558264
MIX17,9933,1_minus_thrust,7.390803629965395,0.4455633414154831,0.1440474064672881
MIX17,9933,B_total,10.43125916136238,0.5323107967465316,0.1052026225397592
MIX17,9933,rho_heavy,7.988610317937729,0.4942128745699183,0.1591949434427302
MIX17,9934,mult_total,22.95784604636915,10.245863389433984,1.1487946780290896
MIX17,9934,1_minus_thrust,12.022596174697616,0.6042426003461887,0.1964965504564654
MIX17,9934,B_total,13.005699050332174,1.1502279260856805,0.2287988696996604
MIX17,9934,rho_heavy,13.972623481238205,0.90907107990854,0.3004419151870824
MIX17,9935,mult_total,15.545041098719746,0.5435672938214765,0.0637522372849177
MIX17,9935,1_minus_thrust,21.427306654878524,1.6095101008463808,0.5389914183812708
MIX17,9935,B_total,23.569151183839562,1.3841661530827625,0.2815221308571586
MIX17,9935,rho_heavy,17.964433192025243,1.520132257351696,0.5129055791238615
MIX17,9936,mult_total,11.91383532826662,2.9453277902983,0.3378893084323104
MIX17,9936,1_minus_thrust,10.874396692597395,1.1445807521978129,0.379474679208234
MIX17,9936,B_total,12.09909122819649,1.438693378529427,0.290606893120894
MIX17,9936,rho_heavy,9.596940093797357,0.5531253424263107,0.1851019998466472
MIX17,9937,mult_total,9.033451451272494,0.826923099483657,0.0900662306561415
MIX17,9937,1_minus_thrust,16.260375242038556,1.447250412479994,0.4819705435537806
MIX17,9937,B_total,16.386227835866514,1.4573985922356767,0.2956366155148227
MIX17,9937,rho_heavy,10.651522185996747,0.8484110293997755,0.2818557977030778
MIX17,9938,mult_total,2.0849410934474553,0.2544861026811061,0.037070046258832
MIX17,9938,1_minus_thrust,7.747717407299321,0.870893316424411,0.3972775767146165
MIX17,9938,B_total,6.392108780932655,0.3901988529992584,0.1085252257064293
MIX17,9938,rho_heavy,5.934527026382596,0.7288841210312293,0.3358188493621775
MIX17,9939,mult_total,20.23855299235027,0.6056732919480691,0.1003120537777596
MIX17,9939,1_minus_thrust,21.871537412871437,0.0705894346333976,0.033329308245103
MIX17,9939,B_total,25.401506181670033,0.1949533488356168,0.0559907474884346
MIX17,9939,rho_heavy,18.017471992874366,0.7883037253452407,0.3759288929472046
