run,obs,generator,reweighted,rel,pull,neff_frac,n_held
8200,1_minus_thrust,0.06679209863353178,0.0664729246809349,-0.4778618416350325,-1.4625442489012843,0.9017087164538435,80000
8200,mult_total,41.1452125,41.21421495837531,0.16770470774773275,1.4645842405383098,0.9017087164538435,80000
8200,B_total,0.10806444929912153,0.10774800145736259,-0.29283251227516344,-1.4711569343121993,0.9017087164538435,80000
8200,rho_heavy,0.05269807409442732,0.052460683503255764,-0.45047299213664554,-1.3649614726621335,0.9017087164538435,80000
8200,nbaryon,1.5861,1.5662548426744158,-1.2511920639041818,-3.190746745142134,0.9017087164538435,80000
8200,strange,0.12671558893920612,0.12747407386230367,0.5985727008390752,2.9505463798686846,0.9017087164538435,80000
8201,1_minus_thrust,0.06303621570477667,0.06256465827757984,-0.7480738206197519,-2.2286008044401675,0.8673436626848178,80000
8201,mult_total,40.4673875,40.563121169474016,0.23656992800440838,2.012928039992497,0.8673436626848178,80000
8201,B_total,0.10353367957835455,0.10292908425048007,-0.5839600508131441,-2.8617154478855915,0.8673436626848178,80000
8201,rho_heavy,0.05034700136135529,0.04996043362879873,-0.7678068645678632,-2.267663970745233,0.8673436626848178,80000
8201,nbaryon,1.724425,1.6908493779680245,-1.9470618920495593,-5.151824471147103,0.8673436626848178,80000
8201,strange,0.12397731375339108,0.12456844875561443,0.4768090099122543,2.287096405429091,0.8673436626848178,80000
8202,1_minus_thrust,0.06138478913068001,0.06087598827844157,-0.8288712227312115,-2.3898867327121835,0.8606783731339586,80000
8202,mult_total,37.8143625,37.66862607296035,-0.3853996666997918,-3.335780204798906,0.8606783731339586,80000
8202,B_total,0.10121389625041718,0.10062855472839632,-0.5783213014274683,-2.7430915325886116,0.8606783731339586,80000
8202,rho_heavy,0.049220388792969416,0.048846530605731915,-0.7595595979747777,-2.1742113568290504,0.8606783731339586,80000
8202,nbaryon,1.7191,1.7178021096607747,-0.07549824554856252,-0.20151239338003943,0.8606783731339586,80000
8202,strange,0.1219170385310796,0.12185831390667172,-0.04816769265020516,-0.2212656134080403,0.8606783731339586,80000
8203,1_minus_thrust,0.07451128597443478,0.07472966494874188,0.2930817411768004,0.9372046431455862,0.9167310655377193,80000
8203,mult_total,41.6873625,41.81231481164665,0.29973666874859733,2.708725608141931,0.9167310655377193,80000
8203,B_total,0.11669562398720909,0.11700398229911754,0.2642415382621811,1.372098520000616,0.9167310655377193,80000
8203,rho_heavy,0.057828876824209965,0.05798756420131273,0.2744085408837287,0.8712796374315166,0.9167310655377193,80000
8203,nbaryon,1.759225,1.7883291908960077,1.6543756992998444,4.453933534568706,0.9167310655377193,80000
8203,strange,0.11771651832905718,0.1181350568765545,0.35554784786223936,1.7006714168330188,0.9167310655377193,80000
8204,1_minus_thrust,0.0670041562333429,0.06747893503540817,0.7085811220603193,2.155797990497529,0.8682610579276749,80000
8204,mult_total,38.6311875,38.54804300336614,-0.2152263547007549,-1.8749863973708112,0.8682610579276749,80000
8204,B_total,0.10815923337575614,0.10881329782473112,0.6047236362176236,2.99817836634746,0.8682610579276749,80000
8204,rho_heavy,0.0533353961343886,0.05361038714408511,0.5155882015080903,1.5684788075919387,0.8682610579276749,80000
8204,nbaryon,2.064775,2.090817000031006,1.2612512274221532,3.7344503777687152,0.8682610579276749,80000
8204,strange,0.1221553150704498,0.12234190177484991,0.1527454653057882,0.7150539808558649,0.8682610579276749,80000
8205,1_minus_thrust,0.07792530335284464,0.07815069582035263,0.28924169404565264,0.9471010593511003,0.7912573499667496,80000
8205,mult_total,40.09255,40.525576318127385,1.080066790781285,9.635446426165036,0.7912573499667496,80000
8205,B_total,0.12103161962142601,0.12122894817619059,0.163038845040495,0.87295050432401,0.7912573499667496,80000
8205,rho_heavy,0.059932042913961106,0.06011217603336348,0.3005622879583403,0.9810629677837706,0.7912573499667496,80000
8205,nbaryon,2.110975,2.0978666290205195,-0.6209628716342148,-1.8522354839009627,0.7912573499667496,80000
8205,strange,0.12006891637758932,0.12064561030985416,0.4803024376860929,2.2909846085478276,0.7912573499667496,80000
8206,1_minus_thrust,0.06354906317398852,0.06393937436917713,0.6141887475508298,1.8640246553687692,0.8557509989747256,80000
8206,mult_total,39.6548125,39.12071934271176,-1.3468558382119187,-11.541210677861951,0.8557509989747256,80000
8206,B_total,0.10427161354366402,0.10474772367344924,0.4566056989094675,2.278375645410997,0.8557509989747256,80000
8206,rho_heavy,0.049736626590505255,0.05007919304200129,0.6887609292774866,2.0486873891946495,0.8557509989747256,80000
8206,nbaryon,1.44325,1.4465069979707263,0.225671087526515,0.5488462367745669,0.8557509989747256,80000
8206,strange,0.1111960925965853,0.1117664100930813,0.5128934688065753,2.2873989085670154,0.8557509989747256,80000
8207,1_minus_thrust,0.06497887078600496,0.065353870519382,0.5771102649844868,1.7435259640792533,0.7855221734149588,80000
8207,mult_total,40.821375,40.92387780428835,0.2511008124747124,2.1120237689697072,0.7855221734149588,80000
8207,B_total,0.10605138435065208,0.10635281560682555,0.2842313261812906,1.41458289731514,0.7855221734149588,80000
8207,rho_heavy,0.051602117016113856,0.05185230374744784,0.48483811479257677,1.4542740562693697,0.7855221734149588,80000
8207,nbaryon,2.2091,2.1770802747082496,-1.4494466204223546,-4.3802911197136005,0.7855221734149588,80000
8207,strange,0.10335973304499714,0.10365873837111857,0.28928608589890226,1.259287769509721,0.7855221734149588,80000
