run_id,role,alpha_fsr,ptmin,clmax,clpow,psplit,pwtsquark,pwtdiquark,clsmr
8100,train,0.12906462401643037,0.5460865514145161,2.692738066590035,2.775135491647408,0.6741790979242389,0.399155145455945,0.351742053264138,1.0526741021863106
8101,train,0.12934493480758477,0.5150319600684091,4.674312183997031,0.8517259819106571,0.9001695391954653,0.353415243647234,0.22739844075163082,0.8490216864872564
8102,train,0.1270449061100493,0.5689379314240899,2.668575597959939,3.1801857359940024,0.805207385309515,0.3620650177071474,0.33593220035607246,0.6139945246436239
8103,train,0.12933988330549953,0.5351507541576994,4.683360949034676,0.8767950470089736,0.7638173917192237,0.36061548886255146,0.33775133832467896,0.936369216575768
8104,train,0.10506100209100676,1.2222745661060996,4.690579867683719,0.9262461869022971,0.8728288677407361,0.31516071705012616,0.394958670568938,0.6131603355581061
8105,train,0.12990175950353855,0.5482337339210125,4.28801925995723,0.8754016077001339,0.8826912388066676,0.5016395660464756,0.46756322214574275,0.4593298002966973
8106,train,0.12714978263154236,0.5283921870820636,2.6409872269036816,2.9476962088087495,0.9349086391345466,0.3863469003163949,0.4796897609397829,0.4126181062045964
8107,train,0.10093666016783899,1.1726774128171966,2.722106793761368,3.068220298405535,1.0219250950287877,0.38902467894288967,0.2573454531649271,0.6822158450839507
8108,train,0.12864210330787765,0.6886340502705665,2.733463712106643,2.9067485766564483,0.9240468774398304,0.23089445643922665,0.21634374910632456,1.157199172265676
8109,train,0.1032708816184707,1.2200589728793978,2.7971460732432467,2.863181371348589,0.6796582183614399,0.33748835210756206,0.48258860544018517,0.5146740765515692
8110,train,0.12247968087493681,0.5504136556209551,2.8079906268973156,3.078568676100442,0.8714616527135987,0.24208078296638877,0.4722107372178785,1.1790152471338025
8111,train,0.10086233769089287,1.2449287608145392,4.183720750185407,1.3348342077037811,0.7298483548025245,0.31600709869040317,0.3789967250810635,0.9927244948009133
8112,train,0.12388227957049142,0.5443656102295985,4.7030363277797695,0.7728216849419807,1.088754943955733,0.24407428585595922,0.41762852278297763,0.9516879248015747
8113,train,0.12628257552383448,0.5179135391633134,4.503062133041874,1.6451268414186073,0.7347050006240499,0.4978944327726226,0.3143466028475393,0.45037734389085066
8114,train,0.1031115398778239,0.8059033273777899,4.657594625539823,1.027535827130129,0.9962267847095124,0.2601361255524903,0.23212901222293464,0.4411714118455027
8115,train,0.10185829604675734,1.2459611345623522,4.603939729008067,1.3367170626912421,0.7676606154691838,0.5259445958373825,0.36960311709263827,1.002829614079769
8116,train,0.10119130486775148,1.118292570400065,2.7572613759542137,3.01147608172057,1.0886600823854877,0.2304347994795198,0.24188347323600518,0.5164963132063816
8117,train,0.10318646570047843,0.850802622717312,2.6754936916509777,2.7898468048993816,1.0298323598712784,0.5515459566654646,0.46708144111848016,1.0480267873863536
8118,train,0.10352100242103766,1.2415158438137173,4.1276068564935215,1.14138436259373,0.9433618688212839,0.23195960690659054,0.4926581980154775,1.180015005431751
8119,train,0.10290393860293826,1.0624720026324366,3.1782974152187524,3.0981767611238764,0.6723926817475998,0.29546697879481065,0.2292653242742196,1.0853247640078156
8120,train,0.10307715005368503,1.2542606687871964,3.583919846250657,1.0151248172488778,1.1301719323299595,0.5448950948872013,0.3943892699434266,1.1456021331114234
8121,train,0.1221966872836816,0.5719186861358555,3.5853423636375825,3.0014531276462915,1.132239070550522,0.487748259674103,0.3862950538168695,1.195592868754397
8122,train,0.10171569375465012,0.6060771835120237,2.7181051883136,3.103093258710147,0.6602963330354317,0.5510288540831969,0.40484820980165226,1.083752321084006
8123,train,0.11459776328474255,0.5162748999253945,4.661192659506842,3.0802665007727628,0.7137077985898559,0.23460139247353007,0.44990041347403065,1.1903268849151472
8124,train,0.11682967793719966,0.9530050449144865,2.6643031978030205,2.037588887090542,1.0651407122839334,0.23949523652188526,0.4965933079572624,0.49578782179468517
8125,train,0.12927801333984673,0.586881413083677,3.3234624050046753,2.1042748856204687,1.1207146815456497,0.41717768061117166,0.24664944357798915,1.0669690849698839
8126,train,0.12185713215060119,1.1795240804197928,2.906852669188904,3.1044547275698156,0.6663978202943281,0.33381620826538005,0.23123248652555917,1.1281706968451861
8127,train,0.12933693766097587,1.0825742624888508,2.786516202844552,2.647819040016057,1.1194845585352662,0.5488955280140295,0.4442816773828214,0.4612976214742189
8128,train,0.12973668947859296,0.6450411650782741,3.0649004523795926,1.3234086574877795,0.6804525349620665,0.2978753641127222,0.48846172940756627,1.1092082802513348
8129,train,0.10361307221431007,1.0761345357958856,4.189685742596088,2.5756912330834254,1.1276050781679199,0.24230027756512623,0.40559879574962143,1.1417473431502148
8130,train,0.11988146735134751,0.6629141096014431,2.643954147857504,2.1551414586893154,1.1008915173582192,0.2235054764992138,0.23912170004810834,0.4070210141670638
8131,train,0.12605254000484523,0.5284753028272258,4.305031417759195,0.8890769495849289,1.1033779007180844,0.5034158359760635,0.22832962976334256,1.0862079407599616
8132,train,0.10718036037868206,1.2256638526294474,2.6573820912625585,2.883063299276457,0.8482657646938807,0.5739006743293067,0.25657397722344166,1.0569030557882522
8133,train,0.10146547098302498,1.2955978440222229,3.059577221128787,0.9868455731509341,0.8135636850894108,0.30303408862570597,0.22608585701818013,0.4383670621405577
8134,train,0.1205374646362896,1.2603749362499024,4.383390328340601,1.978144475594299,0.9098514289975647,0.566662538604733,0.4533546434768467,0.4605723965868643
8135,train,0.11173752444490798,1.172533596058164,4.185383663597516,0.9607733333687891,1.1334321959843126,0.2303389021056592,0.4892059789272624,1.1833093361847447
8136,train,0.11357127442579307,0.8127674495467594,4.477388831960087,0.965115753041246,0.6750810654069919,0.5515924465381086,0.20934748275896276,1.069128153310628
8137,train,0.10127585811000522,1.2617061996861072,3.57726295325014,2.1819428475908342,1.1124615178677717,0.576307729837987,0.2511787029497376,1.0675302510063227
8138,train,0.12274888854894922,0.8775692545314837,4.6124985682784105,2.1864644100329413,1.0860428273539389,0.5699573606974522,0.48812243318715776,0.5776792018142259
8139,train,0.10483374171838737,1.0812972706907016,4.171582483487699,1.1035594810465346,1.023938316497017,0.2211327883101472,0.22839225831366344,0.5867438597344052
8140,train,0.10780365667263825,0.9405718228310554,4.550634069914474,0.8693192632021622,0.6644140538448849,0.5332792722331414,0.48149500473559403,0.4920498945347712
8141,train,0.10094701479816914,0.5971625045144466,4.741062301790647,1.1008100548665318,1.1134501979471187,0.5782268564723725,0.25834341224596113,0.5171272313341873
8142,train,0.12149635321624688,0.8606998287134175,4.680683752040025,1.4161134997230245,0.656984759380998,0.3329459125396033,0.20814357331744393,0.45198719638785595
8143,train,0.11644556002342431,0.7313986057581794,2.624645356173536,2.8950208320287825,0.8483245726620199,0.5075689362099443,0.25165609952282064,0.4271515378456208
8144,train,0.10348103250766412,1.2949697087770327,4.220504276410858,2.433066040317354,0.6925960697499595,0.287680244496358,0.49097751477545126,0.45279935559472495
8145,train,0.1274822258051888,0.5732389280263431,4.796528255953783,2.579448508110133,1.0833455749749925,0.2213881359112858,0.4011872405113511,0.49048953064229134
8146,train,0.10642553873888734,0.5736413292399469,3.582832550324824,1.5167444536134884,0.8207394469128865,0.5774543555430544,0.4961533442307988,0.470955819626739
8147,train,0.10551379985137004,1.133381676672354,4.65677505691341,3.1129282227110817,1.1318295876071178,0.5508150147783867,0.3192639145354943,0.5762666790081047
