run_id,role,alphas,pt_max,alpha_l,gamma_l,strange_fraction,baryon_fraction,alpha_g,beta_l
7000,train,0.11443365214202798,0.4486653890440575,3.571186489120525,0.7681477290444407,0.40723120828194037,0.2270675999564754,1.5429313620894582,0.23167941442597845
7001,train,0.12384475478792621,0.4081493993371607,2.619954132865986,0.48280655941963446,0.5212298581377899,0.1989652550623446,1.7079602688780984,0.1298607794767169
7002,train,0.11204020863724841,0.5168137128416923,3.03339289995022,0.7016822700618104,0.3996055798495698,0.18691400585018958,1.7264885240016379,0.38486404116032574
7003,train,0.12183296616853516,0.8625679559535195,3.8815642717124934,0.6665184291664271,0.5369006079631625,0.2458072186929124,1.3438167819334002,0.3797555638962123
7004,train,0.12094169509405488,0.6886946307013202,4.953928359896127,0.3069845215279058,0.4114317568567032,0.13672038536397582,1.1909535436418959,0.11691240146246082
7005,train,0.1278397768364769,0.7997590541341542,4.811928827143268,0.4552392626301548,0.5701856855034819,0.2591498382510964,1.6175626996041528,0.21545348665652067
7006,train,0.11478839824849162,0.8391434814962153,2.684962477220433,0.5814827664989839,0.5774711920151432,0.24994480499605648,1.1221038592194086,0.2718762444351644
7007,train,0.11049163508258986,0.9939280539598708,4.125557241859837,0.3373882661420773,0.5260143257849466,0.18854387777567494,1.423781396415807,0.3566086052608898
7008,train,0.11267261321035812,0.5473469679009948,3.772639449070337,0.9146383348338231,0.5679144043559733,0.26068143619663026,1.4518978153579098,0.18468255089782615
7009,train,0.1291037750420062,0.4429755886346477,2.9245924307892803,0.6189859937967177,0.4505557341284643,0.2563497782124725,1.401641263851847,0.08954536517004522
7010,train,0.11987431586020875,0.9801107186113402,2.5928161606262323,0.35123333559996,0.44175798001956124,0.15380041115957735,0.8818051405566949,0.15844616074768045
7011,train,0.11294424081341248,0.7428550281438919,4.676844269261837,0.3583712239100708,0.41958789064623947,0.25325501832419983,1.4683363178330222,0.31942036679134306
7012,train,0.12624970895866142,0.5337016457766643,2.989203131981877,0.531050437091126,0.4706124770398391,0.20125700659635004,0.7965548543132412,0.2993001403910923
7013,train,0.1259456539563417,0.5690834304482031,4.784471077488538,0.8547179117373828,0.36763323132648323,0.17210542659611777,1.392352080957437,0.16725688073973566
7014,train,0.11134052384588339,0.628931824480461,2.8542097783764615,0.4228268191790372,0.5426489398699714,0.22091568331260183,0.7535251177247081,0.30953185680407785
7015,train,0.11630840123689302,0.6346646087303899,2.523896172657423,0.8192825736112249,0.4237365461127327,0.24706928548731394,1.2238268223466369,0.14580056326854285
7016,train,0.12053308492714893,0.6244375406687445,4.406400466289517,0.7174553661388308,0.49938638413503267,0.23289440693571675,1.7461125279604008,0.25214086252556783
7017,train,0.1215289225916626,0.7455489796867463,3.9723989608783064,0.6865160527602645,0.5788718731203982,0.16523004349571002,0.6809281606815627,0.23575442825303103
7018,train,0.12481179746562343,0.8103459924124969,2.9638753490106247,0.28737181972010084,0.3658953362248682,0.16978183205512065,1.2780981330220431,0.3466111464911478
7019,train,0.11022832823947558,0.597968244678303,3.2836333996279734,0.535147312270735,0.4386103505820778,0.22327052253348081,1.8384027523666924,0.14139789921701246
7020,train,0.11173600424085968,0.6682712570151295,3.6001666311968545,0.4440005036186945,0.4627998770219438,0.17137686818450404,1.0133480588397077,0.24631865278009304
7021,train,0.12360702012421522,0.8892596607061989,2.723135720766634,0.40882686116454364,0.4852040014645328,0.2642818484512651,1.3136050262155594,0.21916437558962684
7022,train,0.11973731014984011,0.5894734065890426,3.231747640145715,0.285513346772989,0.5100725894487741,0.2779227102768216,1.6737509441275669,0.22967263624404183
7023,train,0.1190985924371902,0.6104180522938776,2.6407548628564275,0.3885690787493476,0.5714399166461464,0.1300018555425909,1.570449247128518,0.34330130236424466
7024,train,0.11507832930076176,0.9718614263402089,4.587290813310764,0.6013778553944877,0.506665586514024,0.20240585408561504,1.6660384872455114,0.13713232623998914
7025,train,0.1252998597531363,0.4330048386472154,4.573963707193554,0.5976315939635883,0.5575726877293444,0.13935543798419298,1.059761162808246,0.38825076915676515
7026,train,0.1128824315766374,0.5868900283717646,3.8174579558543815,0.5758704002187289,0.5509576730116652,0.12146542424630152,0.8903480179033836,0.19161062318225286
7027,train,0.12703117060403904,0.5767102053591331,3.446496231601142,0.8041500654936351,0.5548462810883049,0.21698080881620394,1.0035249324026776,0.28585928374149167
7028,train,0.1264426759831536,0.990705479131256,3.6499036384890156,0.8417779933584446,0.4302644265308871,0.23401239161138804,0.7887777658240221,0.1747808970083244
7029,train,0.11319501968559095,0.8575156474051067,4.879341586595397,0.5483736290829988,0.4364266467305987,0.21540757611225902,0.8457390693689991,0.37176297737869624
7030,train,0.11550215779788073,0.5283945163616375,3.090414056251256,0.47268756074943263,0.3637641167302504,0.14877550657462468,1.070855804089787,0.06787171690187195
7031,train,0.12291830464657467,0.47968054014217915,3.128028351739669,0.8275275682200285,0.5116487391342411,0.11605260980917242,1.6143009491986526,0.29844636979754163
7032,train,0.11098826145429219,0.8047445876834493,2.7377598802918945,0.7237885505672601,0.40869392859967624,0.1118844851461258,1.3649045949150298,0.2390311683316327
7033,train,0.11871961945135832,0.8746115118508384,2.894210532657938,0.8144565487304165,0.43177936284387575,0.1586471183248846,1.7576343558058438,0.2806209384914022
7034,train,0.11082768761061397,0.4166852930584146,4.93036790369834,0.5887891961454246,0.4571729411243333,0.1670191255048802,1.583733263247463,0.20627029846128092
7035,train,0.11535091690997919,0.48626432443612116,3.992509848239526,0.5031229248845113,0.4817951896824002,0.22994995788356035,1.326569669232022,0.29320461060764064
7036,train,0.12410667564723787,0.7117051521904976,4.369529803888912,0.85048900245778,0.40263566038666676,0.2711860045454115,1.5999178015438096,0.13016903941194968
7037,train,0.11248688292804555,0.40301164771746656,4.294564761846038,0.7756251718222914,0.513555826673528,0.15233143598144847,0.9339186731288223,0.1240427672083301
7038,train,0.11002505517475789,0.7025908146480258,4.17957490779048,0.6519078410193968,0.38190736108442197,0.26377957896244025,0.6923235034908495,0.17591640849250256
7039,train,0.11104744766681467,0.8461870343781808,3.499923690224976,0.46174142440726107,0.4734323393967947,0.27981994975843566,1.3512105065372002,0.04488845502937672
7040,train,0.11949177056266569,0.6141413454632951,3.3290544269389697,0.916014984495436,0.4765043919250403,0.12812716241719133,0.6149640373777324,0.20398271223640327
7041,train,0.1282053309655502,0.5026469851634054,4.161479838320322,0.33073141497314207,0.48943356062285215,0.19449209827965463,1.1696484019118956,0.3635525962851611
7042,train,0.1293635991594338,0.5635601537485674,4.690088117465084,0.39476122552841386,0.5175994147200106,0.18398761293785598,0.7208128816768771,0.0801932356626251
7043,train,0.1268327486888246,0.6788286679432265,2.568443780840227,0.8699610104505134,0.5040828833594959,0.231498850380066,0.9236625173914508,0.36712561255784903
7044,train,0.11703932429052903,0.7540218004987955,2.530333524366757,0.31347736064102144,0.4348664426695805,0.21434890157163497,1.4373446461393042,0.054365431775626104
7045,train,0.11660363193353425,0.4641222877407561,4.469817281875658,0.7604287103108864,0.5325978161642205,0.26855917793921363,1.2526762419918278,0.39231194230090777
7046,train,0.12736110593781266,0.4704442695602124,3.4792809644102682,0.3725731137882574,0.4187302953550569,0.11434240449885726,0.9015923588799302,0.21209838217967603
7047,train,0.1284241597264111,0.7213856119606659,2.8691450802632343,0.5620093375630718,0.39073193110606674,0.12611814042273736,1.634648829041133,0.12120501934968383
7048,train,0.12204723055851029,0.543101806160216,4.863588503243747,0.5523178063832922,0.3839354000440265,0.15547135034208098,1.5298131274343083,0.3046810005006142
7049,train,0.12723551579330036,0.9385396182174853,4.021621939594073,0.631383190214429,0.5613664539841333,0.13592766239364767,1.6933784274558157,0.04148708433600724
7050,train,0.120221603370433,0.6032786696206363,3.8368251941991884,0.7426547559965276,0.3802069609332295,0.19814097310223203,1.5071687579938478,0.05503891723555179
7051,train,0.12132785336272105,0.8957921633147664,4.544321664214191,0.4312450710673108,0.5240597680145095,0.2247544513801752,1.1968226712828292,0.18793772820706264
7052,train,0.12653521088895223,0.6857963624339232,3.737306588581903,0.30000884289782515,0.546355273377481,0.20534981679148864,1.8735402999343527,0.07295923567004757
7053,train,0.11937383526448185,0.4263122258154006,3.265978212101106,0.415572417543992,0.3977236095437829,0.27113330736971847,0.8431231773543214,0.3485245212040932
7054,train,0.12511091313835318,0.7316740673875575,3.9211493158388366,0.5241547664530559,0.5536562877009386,0.2671556587059485,0.8183646832638733,0.09533838778869154
7055,train,0.12562744058187844,0.9443619329810368,3.2042979290050253,0.5162629352655382,0.49264632637796685,0.13403951678530568,1.462051999936452,0.39933121532653265
7056,train,0.11713016335723005,0.9581401739857098,4.225703435414854,0.4942318637284677,0.3608129806350896,0.20889918826057435,1.5180429265179545,0.19995518544401036
7057,train,0.11816688190892023,0.4598488704366006,3.7024166505350125,0.40292238225972404,0.455389143810313,0.14388945806145564,1.2746770580928666,0.1625894573698954
7058,train,0.12019428284964381,0.42021405088323577,2.825344542170477,0.9360077188337012,0.5754150504474104,0.19218558638986782,1.2467857514000356,0.17969951664232361
7059,train,0.12884857471041083,0.9664503531571561,4.656606614315138,0.710770184595279,0.3937451938084164,0.219172477294912,1.162301967239873,0.2883300184557451
7060,train,0.1178593276517094,0.4505402538066996,4.056184763959603,0.8760481320302266,0.41309880899107027,0.2099330138663297,0.6331966882609303,0.2649158871401327
7061,train,0.12328756147275816,0.5519995235616169,3.8758115001064755,0.6605597512791788,0.44884245070331075,0.1848197215801083,0.9819575710902064,0.1392510344889927
7062,train,0.12072920662627581,0.9065067292197543,3.363206258595591,0.4522651011501246,0.3779633112229161,0.2444333766278846,1.7234017262732935,0.3250426349395511
7063,train,0.11805208671750787,0.7642921570957852,4.213197084442443,0.8826625947530451,0.5304196248377215,0.11708585547794298,1.483727461296442,0.10768235082297348
7064,train,0.11838709288966495,0.7299779846548872,4.254221630329649,0.47971407976649144,0.5630847104141052,0.17859957867824977,1.8203912928339419,0.2735636932360206
7065,train,0.11609151465372922,0.8834461597033352,3.5252189704782007,0.3237576476024935,0.5283958568011594,0.14354662225841233,0.6620542021465814,0.2591357933107041
7066,train,0.11895303004658729,0.9840762960209998,4.836269787313144,0.9474194600572056,0.4699744500292425,0.275827921238053,1.1348972242069637,0.2439860639356335
7067,train,0.11759744710069417,0.9552822616836548,3.1202963650163276,0.6273476506952091,0.46376950520980914,0.257605580977941,0.9475856497918866,0.3165038135751558
7068,train,0.1141660698070664,0.7844399470783341,3.3438266454371552,0.7829748104200487,0.5359365440893556,0.24113443799125178,1.804278753816995,0.07618037737551128
7069,train,0.127607951101077,0.6486397850635823,3.5530251483460717,0.890298312333766,0.48799689272934255,0.15748927202415505,1.2907245600242843,0.0511089767454882
7070,train,0.1295326355878282,0.4875497551148358,4.081151314708393,0.4350630980484714,0.42795509661065645,0.1504536070570951,1.8064074219875086,0.2685271864476222
7071,train,0.11157815937095188,0.9364071994477646,3.1516107639098294,0.8337024742868092,0.5488633017373203,0.19565683451835095,1.1428076454758824,0.08291044487954868
7072,train,0.1142024074671794,0.7177033207097425,2.673684588565147,0.9011042142396823,0.37217103653286726,0.18113225654318954,1.0881011009838903,0.2795645430537125
7073,train,0.11686505643089079,0.6995377643338677,2.7755151580141,0.643779937557434,0.5020820267376853,0.16173441643154635,0.7709813757294005,0.35427436116460453
7074,train,0.11732175750800111,0.5226888889555715,4.905794679928831,0.6918543755836593,0.4954312057040249,0.23790097916809527,0.8089880844990743,0.061602388134187544
7075,train,0.12249482168017219,0.6541146012982418,3.6363167264441163,0.6118498811148638,0.38830280046041693,0.22664069141196386,1.8687999619355975,0.3755405558572612
7076,train,0.11497229702966973,0.817337142123016,4.743697183791234,0.5435406208471711,0.4526414957585052,0.16480291955437248,1.107626794808246,0.10579321396831126
7077,train,0.11395359565694,0.9152248197655278,3.795771859064914,0.8620069731057348,0.3872643180171086,0.14032850111484946,0.7411061538294258,0.3941194784826079
7078,train,0.1255133648514182,0.5596119727388994,4.628286801100424,0.9034272440574892,0.44365461140891854,0.24892941405735414,1.7860102141004655,0.3396828285684828
7079,train,0.12334954842645669,0.8337718513805301,4.974431662965714,0.7993941177656381,0.564469512653183,0.17728360955595107,1.3812795315276758,0.2243924795224925
7080,train,0.11600838057027524,0.8798573567900914,4.306178983810829,0.7480937249590482,0.44617613447688004,0.13239960998742722,1.8967929008194062,0.2231870267318747
7081,train,0.12472196748008924,0.7933192731037817,4.3336691216126555,0.3451462976498005,0.3960941124375371,0.20649735457625357,0.7056314750310719,0.25642189809771787
7082,train,0.1225377445287768,0.4938471667930025,3.018211927845408,0.7358603992896059,0.544221602404366,0.25402444294762216,0.6003554827838357,0.11259025456871152
7083,train,0.128614164930614,0.7600697566556591,3.4040313625760974,0.9404856777893725,0.4598238455409732,0.21108248720783498,1.5570121363735403,0.3603959417704288
7084,train,0.12118505821953057,0.9223503069871591,2.799760083576529,0.6721286696888393,0.46640950311065743,0.1754601102207518,1.8584921530236262,0.09732411494832183
7085,train,0.11212524957234997,0.8243317784380007,3.693173387166839,0.9240885453993786,0.5080010045180723,0.16020632532992002,1.6433218401234275,0.3113229539705124
7086,train,0.12452530063982893,0.639544325217968,3.9455209235471846,0.6791706481363521,0.4250825968828239,0.1231573055826211,1.221778540610084,0.3289970354142391
7087,train,0.11353230455361026,0.5093237308970692,4.385755860260202,0.3175748893151559,0.3759319425683877,0.23950651587846694,1.022032121156795,0.08567518075358761
7088,train,0.12280332839150618,0.8562007577709299,4.504130295639408,0.7913592401667588,0.41513955200816344,0.12003936530235279,0.8680255338596463,0.06523345822325421
7089,train,0.1242375687712603,0.9304290873986172,4.0901098787368815,0.38273835702499304,0.4949548557267328,0.23653274016056747,0.6450717052107324,0.1490746700413866
7090,train,0.12959539827504826,0.7721194388585922,4.430443688792295,0.7711426606872535,0.48023170408752425,0.19111436072710514,0.9691392367443872,0.32166065588555726
7091,train,0.12211363041428099,0.9004466857339418,3.4285578656815803,0.5669062592834364,0.40394057891597634,0.18073900625019615,0.7264236111543751,0.10120657500910084
7092,train,0.1298713592968092,0.8262593075972381,3.191414000142168,0.6386069206753284,0.36991796734775717,0.2741120234118849,1.0352013943115974,0.19523040426251603
7093,train,0.11570250175410193,0.6741886018134928,4.735957598288534,0.5049115836328993,0.5405690787420925,0.11090585971492935,0.9560408137717353,0.33352289421560377
7094,train,0.11355735723891529,0.6573575705601127,4.527147939596336,0.36443059701043784,0.47813244099018937,0.1250924847977847,1.7709781788054433,0.15544993669286636
7095,train,0.12803416692809713,0.7763643756583385,3.067431115908964,0.7296201418196286,0.5182064182253324,0.1467379576517746,1.0853717167669261,0.1691030686520291
7200,held,0.1252343609132163,0.5759304078754103,3.757055291318864,0.45855055445778586,0.45414738997596754,0.2309289517774445,0.9371954014091592,0.2890960393617128
7201,held,0.12054866563148803,0.7090019800079534,3.1212059679023745,0.4168584162543446,0.47908643247280286,0.14224849906251824,1.580693242130716,0.27848332438930995
7202,held,0.12242062267040127,0.4952956140801539,3.3179180261935333,0.7932424230187404,0.5274402844766269,0.19475194884210248,1.384262932228504,0.14766308547689727
7203,held,0.11362381135320651,0.6985901342781835,4.589778459419659,0.7227012692447318,0.5006722101704532,0.2111275523356963,1.3265527178442693,0.3334426529052082
7204,held,0.12544576213974248,0.7763023141183458,4.400522750949388,0.642960818330969,0.41571352760409486,0.20819115913774724,1.6023956742869978,0.19016016624367854
7205,held,0.11526225736396048,0.6333272371483715,3.672916098503669,0.6147186821390475,0.3943324760395298,0.15250364171590072,1.1417438283903785,0.10749424494646498
7206,held,0.11925202063350958,0.8130058507118596,4.168488610849497,0.5065284813182178,0.5372832325065778,0.17454636343953484,0.8719579078818005,0.17606487529210232
7207,held,0.11747711525507144,0.8672875852070714,3.0745541628406103,0.7369456123467767,0.44482783409192905,0.24200155235288612,1.123582960951759,0.2355680353530148
7300,scan_alpha_g,0.118,0.68,3.9,0.48,0.46,0.17,0.6,0.18
7301,scan_alpha_g,0.118,0.68,3.9,0.48,0.46,0.17,0.8,0.18
7302,scan_alpha_g,0.118,0.68,3.9,0.48,0.46,0.17,0.97,0.18
7303,scan_alpha_g,0.118,0.68,3.9,0.48,0.46,0.17,1.4,0.18
7304,scan_alpha_g,0.118,0.68,3.9,0.48,0.46,0.17,1.9,0.18
7400,scan_beta_l,0.118,0.68,3.9,0.48,0.46,0.17,0.97,0.02
7401,scan_beta_l,0.118,0.68,3.9,0.48,0.46,0.17,0.97,0.1
7402,scan_beta_l,0.118,0.68,3.9,0.48,0.46,0.17,0.97,0.18
7403,scan_beta_l,0.118,0.68,3.9,0.48,0.46,0.17,0.97,0.28
7404,scan_beta_l,0.118,0.68,3.9,0.48,0.46,0.17,0.97,0.4
